page,sheet_row,symbol,class,finding,evidence,proposed_action
Global_Markets,2,JHG.US,DEAD_SYMBOL,"no price, no name, BLOCKED",DQ=34.7; quote_exchange_from_suffix; quote_currency_from_suffix; quote_current_price_missing; recom,delete row if still blank on the 09-06 export (2-run rule)
Global_Markets,3,SMAR.US,DEAD_SYMBOL,"no price, no name, BLOCKED",DQ=0; quote_exchange_from_suffix; quote_currency_from_suffix; quote_current_price_missing; empty,delete row if still blank on the 09-06 export (2-run rule)
Global_Markets,4,HEES.US,DEAD_SYMBOL,"no price, no name, BLOCKED",DQ=0; quote_exchange_from_suffix; quote_currency_from_suffix; quote_current_price_missing; empty,delete row if still blank on the 09-06 export (2-run rule)
Global_Markets,5,RCM.US,DEAD_SYMBOL,"no price, no name, BLOCKED",DQ=0; quote_exchange_from_suffix; quote_currency_from_suffix; quote_current_price_missing; empty,delete row if still blank on the 09-06 export (2-run rule)
Global_Markets,6,LANC.US,DEAD_SYMBOL,"no price, no name, BLOCKED",DQ=0; quote_exchange_from_suffix; quote_currency_from_suffix; quote_current_price_missing; empty,delete row if still blank on the 09-06 export (2-run rule)
Global_Markets,7,LHCG.US,DEAD_SYMBOL,"no price, no name, BLOCKED",DQ=0; quote_exchange_from_suffix; quote_currency_from_suffix; quote_current_price_missing; empty,delete row if still blank on the 09-06 export (2-run rule)
Global_Markets,8,AUO.US,DEAD_SYMBOL,"no price, no name, BLOCKED",DQ=0; quote_exchange_from_suffix; quote_currency_from_suffix; quote_current_price_missing; empty,delete row if still blank on the 09-06 export (2-run rule)
Global_Markets,9,APLS.US,DEAD_SYMBOL,"no price, no name, BLOCKED",DQ=34.7; quote_exchange_from_suffix; quote_currency_from_suffix; quote_current_price_missing; sanit,delete row if still blank on the 09-06 export (2-run rule)
Global_Markets,10,ZK.US,DEAD_SYMBOL,"no price, no name, BLOCKED",DQ=34.7; quote_exchange_from_suffix; quote_currency_from_suffix; quote_current_price_missing; recom,delete row if still blank on the 09-06 export (2-run rule)
Global_Markets,11,CIVI.US,DEAD_SYMBOL,"no price, no name, BLOCKED",DQ=34.7; quote_exchange_from_suffix; quote_currency_from_suffix; quote_current_price_missing; recom,delete row if still blank on the 09-06 export (2-run rule)
Global_Markets,12,VRE.US,DEAD_SYMBOL,"no price, no name, BLOCKED",DQ=34.7; quote_exchange_from_suffix; quote_currency_from_suffix; quote_current_price_missing; sanit,delete row if still blank on the 09-06 export (2-run rule)
Global_Markets,13,JBT.US,DEAD_SYMBOL,"no price, no name, BLOCKED",DQ=0; quote_exchange_from_suffix; quote_currency_from_suffix; quote_current_price_missing; empty,delete row if still blank on the 09-06 export (2-run rule)
Global_Markets,14,BILL2.ST,DEAD_SYMBOL,"no price, no name, BLOCKED",DQ=0; quote_exchange_from_suffix; quote_currency_from_suffix; quote_current_price_missing; empty,delete row if still blank on the 09-06 export (2-run rule)
Global_Markets,15,STLA.PA,DEAD_SYMBOL,"no price, no name, BLOCKED",DQ=0; quote_exchange_from_suffix; quote_currency_from_suffix; quote_current_price_missing; empty,delete row if still blank on the 09-06 export (2-run rule)
Global_Markets,16,NVEI.TO,DEAD_SYMBOL,"no price, no name, BLOCKED",DQ=0; quote_exchange_from_suffix; quote_currency_from_suffix; quote_current_price_missing; empty,delete row if still blank on the 09-06 export (2-run rule)
Global_Markets,17,MYTIL.AT,DEAD_SYMBOL,"no price, no name, BLOCKED",DQ=34.7; quote_current_price_missing; quote_exchange_missing; quote_currency_missing; recommendatio,delete row if still blank on the 09-06 export (2-run rule)
Global_Markets,18,ITCI.US,DEAD_SYMBOL,"no price, no name, BLOCKED",DQ=0; quote_exchange_from_suffix; quote_currency_from_suffix; quote_current_price_missing; empty,delete row if still blank on the 09-06 export (2-run rule)
Global_Markets,19,TTM.US,DEAD_SYMBOL,"no price, no name, BLOCKED",DQ=0; quote_exchange_from_suffix; quote_currency_from_suffix; quote_current_price_missing; empty,delete row if still blank on the 09-06 export (2-run rule)
Global_Markets,20,P10.US,DEAD_SYMBOL,"no price, no name, BLOCKED",DQ=0; quote_exchange_from_suffix; quote_currency_from_suffix; quote_current_price_missing; empty,delete row if still blank on the 09-06 export (2-run rule)
Global_Markets,21,TOD.MI,DEAD_SYMBOL,"no price, no name, BLOCKED",DQ=0; fetch_failed:HTTP 404 not_found; empty_row_no_provider_data; low_data_trust; analyst_trend,delete row if still blank on the 09-06 export (2-run rule)
Global_Markets,22,6967.T,DEAD_SYMBOL,"no price, no name, BLOCKED",DQ=0; quote_exchange_from_suffix; quote_currency_from_suffix; quote_current_price_missing; empty,delete row if still blank on the 09-06 export (2-run rule)
Global_Markets,23,VUK.AX,DEAD_SYMBOL,"no price, no name, BLOCKED",DQ=0; quote_exchange_from_suffix; quote_currency_from_suffix; quote_current_price_missing; empty,delete row if still blank on the 09-06 export (2-run rule)
Global_Markets,24,MRUS.US,DEAD_SYMBOL,"no price, no name, BLOCKED",DQ=34.7; quote_exchange_from_suffix; quote_currency_from_suffix; quote_current_price_missing; recom,delete row if still blank on the 09-06 export (2-run rule)
Global_Markets,25,ALFAA.MX,DEAD_SYMBOL,"no price, no name, BLOCKED",DQ=34.7; quote_exchange_from_suffix; quote_currency_from_suffix; quote_current_price_missing; recom,delete row if still blank on the 09-06 export (2-run rule)
Global_Markets,26,ERJ.US,DEAD_SYMBOL,"no price, no name, BLOCKED",DQ=34.7; quote_exchange_from_suffix; quote_currency_from_suffix; quote_current_price_missing; recom,delete row if still blank on the 09-06 export (2-run rule)
Global_Markets,27,CTRA.US,DEAD_SYMBOL,"no price, no name, BLOCKED",DQ=34.7; quote_exchange_from_suffix; quote_currency_from_suffix; quote_current_price_missing; recom,delete row if still blank on the 09-06 export (2-run rule)
Global_Markets,28,BALN.SW,DEAD_SYMBOL,"no price, no name, BLOCKED",DQ=34.7; quote_exchange_from_suffix; quote_currency_from_suffix; quote_current_price_missing; recom,delete row if still blank on the 09-06 export (2-run rule)
Global_Markets,29,CVAC.US,DEAD_SYMBOL,"no price, no name, BLOCKED",DQ=34.7; quote_exchange_from_suffix; quote_currency_from_suffix; quote_current_price_missing; recom,delete row if still blank on the 09-06 export (2-run rule)
Global_Markets,30,OPAP.AT,DEAD_SYMBOL,"no price, no name, BLOCKED",DQ=34.7; quote_current_price_missing; quote_exchange_missing; quote_currency_missing; recommendatio,delete row if still blank on the 09-06 export (2-run rule)
Global_Markets,31,0011.HK,DEAD_SYMBOL,"no price, no name, BLOCKED",DQ=34.7; quote_exchange_from_suffix; quote_currency_from_suffix; quote_current_price_missing; recom,delete row if still blank on the 09-06 export (2-run rule)
Global_Markets,32,BRDG.US,DEAD_SYMBOL,"no price, no name, BLOCKED",DQ=34.7; quote_exchange_from_suffix; quote_currency_from_suffix; quote_current_price_missing; recom,delete row if still blank on the 09-06 export (2-run rule)
Global_Markets,33,ALPH.L,DEAD_SYMBOL,"no price, no name, BLOCKED",DQ=34.7; quote_exchange_from_suffix; quote_currency_from_suffix; quote_current_price_missing; recom,delete row if still blank on the 09-06 export (2-run rule)
Global_Markets,34,DHIL.US,DEAD_SYMBOL,"no price, no name, BLOCKED",DQ=34.7; quote_exchange_from_suffix; quote_currency_from_suffix; quote_current_price_missing; recom,delete row if still blank on the 09-06 export (2-run rule)
Global_Markets,35,SPT.L,DEAD_SYMBOL,"no price, no name, BLOCKED",DQ=34.7; quote_exchange_from_suffix; quote_currency_from_suffix; quote_current_price_missing; recom,delete row if still blank on the 09-06 export (2-run rule)
Global_Markets,36,PTM.AX,DEAD_SYMBOL,"no price, no name, BLOCKED",DQ=34.7; quote_exchange_from_suffix; quote_currency_from_suffix; quote_current_price_missing; recom,delete row if still blank on the 09-06 export (2-run rule)
Global_Markets,37,GMS.US,DEAD_SYMBOL,"no price, no name, BLOCKED",DQ=34.7; quote_exchange_from_suffix; quote_currency_from_suffix; quote_current_price_missing; recom,delete row if still blank on the 09-06 export (2-run rule)
Global_Markets,38,BRFS.US,DEAD_SYMBOL,"no price, no name, BLOCKED",DQ=34.7; quote_exchange_from_suffix; quote_currency_from_suffix; quote_current_price_missing; recom,delete row if still blank on the 09-06 export (2-run rule)
Global_Markets,39,CADE.US,DEAD_SYMBOL,"no price, no name, BLOCKED",DQ=34.7; quote_exchange_from_suffix; quote_currency_from_suffix; quote_current_price_missing; recom,delete row if still blank on the 09-06 export (2-run rule)
Global_Markets,40,0489.HK,DEAD_SYMBOL,"no price, no name, BLOCKED",DQ=34.7; quote_exchange_from_suffix; quote_currency_from_suffix; quote_current_price_missing; recom,delete row if still blank on the 09-06 export (2-run rule)
Global_Markets,41,SPTN.US,DEAD_SYMBOL,"no price, no name, BLOCKED",DQ=34.7; quote_exchange_from_suffix; quote_currency_from_suffix; quote_current_price_missing; recom,delete row if still blank on the 09-06 export (2-run rule)
Global_Markets,42,SYDB.CO,DEAD_SYMBOL,"no price, no name, BLOCKED",DQ=34.7; quote_exchange_from_suffix; quote_currency_from_suffix; quote_current_price_missing; recom,delete row if still blank on the 09-06 export (2-run rule)
Global_Markets,43,CVGW.US,DEAD_SYMBOL,"no price, no name, BLOCKED",DQ=34.7; quote_exchange_from_suffix; quote_currency_from_suffix; quote_current_price_missing; recom,delete row if still blank on the 09-06 export (2-run rule)
Global_Markets,44,CMA.US,DEAD_SYMBOL,"no price, no name, BLOCKED",DQ=34.7; quote_exchange_from_suffix; quote_currency_from_suffix; quote_current_price_missing; recom,delete row if still blank on the 09-06 export (2-run rule)
Global_Markets,45,HELN.SW,DEAD_SYMBOL,"no price, no name, BLOCKED",DQ=34.7; quote_exchange_from_suffix; quote_currency_from_suffix; quote_current_price_missing; recom,delete row if still blank on the 09-06 export (2-run rule)
Global_Markets,46,ELEKTRA.MX,DEAD_SYMBOL,"no price, no name, BLOCKED",DQ=34.7; quote_exchange_from_suffix; quote_currency_from_suffix; quote_current_price_missing; recom,delete row if still blank on the 09-06 export (2-run rule)
Global_Markets,47,DENN.US,DEAD_SYMBOL,"no price, no name, BLOCKED",DQ=34.7; quote_exchange_from_suffix; quote_currency_from_suffix; quote_current_price_missing; recom,delete row if still blank on the 09-06 export (2-run rule)
Global_Markets,48,AL.US,DEAD_SYMBOL,"no price, no name, BLOCKED",DQ=34.7; quote_exchange_from_suffix; quote_currency_from_suffix; quote_current_price_missing; recom,delete row if still blank on the 09-06 export (2-run rule)
Global_Markets,49,PEL.NS,DEAD_SYMBOL,"no price, no name, BLOCKED",DQ=34.7; quote_exchange_from_suffix; quote_currency_from_suffix; quote_current_price_missing; recom,delete row if still blank on the 09-06 export (2-run rule)
Global_Markets,50,KLG.US,DEAD_SYMBOL,"no price, no name, BLOCKED",DQ=34.7; quote_exchange_from_suffix; quote_currency_from_suffix; quote_current_price_missing; recom,delete row if still blank on the 09-06 export (2-run rule)
Global_Markets,51,VTLE.US,DEAD_SYMBOL,"no price, no name, BLOCKED",DQ=34.7; quote_exchange_from_suffix; quote_currency_from_suffix; quote_current_price_missing; recom,delete row if still blank on the 09-06 export (2-run rule)
Global_Markets,52,RECSI.OL,DEAD_SYMBOL,"no price, no name, BLOCKED",DQ=34.7; quote_exchange_from_suffix; quote_currency_from_suffix; quote_current_price_missing; recom,delete row if still blank on the 09-06 export (2-run rule)
Global_Markets,53,AMED.US,DEAD_SYMBOL,"no price, no name, BLOCKED",DQ=34.7; quote_exchange_from_suffix; quote_currency_from_suffix; quote_current_price_missing; recom,delete row if still blank on the 09-06 export (2-run rule)
Global_Markets,54,THS.US,DEAD_SYMBOL,"no price, no name, BLOCKED",DQ=34.7; quote_exchange_from_suffix; quote_currency_from_suffix; quote_current_price_missing; recom,delete row if still blank on the 09-06 export (2-run rule)
Global_Markets,55,CHX.US,DEAD_SYMBOL,"no price, no name, BLOCKED",DQ=0; quote_exchange_from_suffix; quote_currency_from_suffix; quote_current_price_missing; empty,delete row if still blank on the 09-06 export (2-run rule)
Global_Markets,56,ARCH.US,DEAD_SYMBOL,"no price, no name, BLOCKED",DQ=0; quote_exchange_from_suffix; quote_currency_from_suffix; quote_current_price_missing; empty,delete row if still blank on the 09-06 export (2-run rule)
Global_Markets,57,CFLT.US,DEAD_SYMBOL,"no price, no name, BLOCKED",DQ=34.7; quote_exchange_from_suffix; quote_currency_from_suffix; quote_current_price_missing; recom,delete row if still blank on the 09-06 export (2-run rule)
Global_Markets,58,WNS.US,DEAD_SYMBOL,"no price, no name, BLOCKED",DQ=34.7; quote_exchange_from_suffix; quote_currency_from_suffix; quote_current_price_missing; recom,delete row if still blank on the 09-06 export (2-run rule)
Global_Markets,59,SCVL.US,DEAD_SYMBOL,"no price, no name, BLOCKED",DQ=34.7; quote_exchange_from_suffix; quote_currency_from_suffix; quote_current_price_missing; recom,delete row if still blank on the 09-06 export (2-run rule)
Global_Markets,60,CGG.PA,DEAD_SYMBOL,"no price, no name, BLOCKED",DQ=0; quote_exchange_from_suffix; quote_currency_from_suffix; quote_current_price_missing; empty,delete row if still blank on the 09-06 export (2-run rule)
Global_Markets,61,DEG.AX,DEAD_SYMBOL,"no price, no name, BLOCKED",DQ=0; quote_exchange_from_suffix; quote_currency_from_suffix; quote_current_price_missing; empty,delete row if still blank on the 09-06 export (2-run rule)
Global_Markets,62,SPL.WA,DEAD_SYMBOL,"no price, no name, BLOCKED",DQ=0; quote_current_price_missing; quote_exchange_missing; quote_currency_missing; empty_row_no_,delete row if still blank on the 09-06 export (2-run rule)
Global_Markets,63,TATAMOTORS.NS,DEAD_SYMBOL,"no price, no name, BLOCKED",DQ=34.7; quote_exchange_from_suffix; quote_currency_from_suffix; quote_current_price_missing; recom,delete row if still blank on the 09-06 export (2-run rule)
Global_Markets,64,MAG.US,DEAD_SYMBOL,"no price, no name, BLOCKED",DQ=34.7; quote_exchange_from_suffix; quote_currency_from_suffix; quote_current_price_missing; recom,delete row if still blank on the 09-06 export (2-run rule)
Global_Markets,65,STEC.BK,DEAD_SYMBOL,"no price, no name, BLOCKED",DQ=0; quote_current_price_missing; quote_exchange_missing; quote_currency_missing; empty_row_no_,delete row if still blank on the 09-06 export (2-run rule)
Global_Markets,66,JUMBO.AT,DEAD_SYMBOL,"no price, no name, BLOCKED",DQ=0; quote_current_price_missing; quote_exchange_missing; quote_currency_missing; empty_row_no_,delete row if still blank on the 09-06 export (2-run rule)
Global_Markets,67,GATO.US,DEAD_SYMBOL,"no price, no name, BLOCKED",DQ=0; quote_exchange_from_suffix; quote_currency_from_suffix; quote_current_price_missing; empty,delete row if still blank on the 09-06 export (2-run rule)
Global_Markets,68,INE.TO,DEAD_SYMBOL,"no price, no name, BLOCKED",DQ=0; quote_exchange_from_suffix; quote_currency_from_suffix; quote_current_price_missing; empty,delete row if still blank on the 09-06 export (2-run rule)
Global_Markets,69,SKX.US,DEAD_SYMBOL,"no price, no name, BLOCKED",DQ=34.7; quote_exchange_from_suffix; quote_currency_from_suffix; quote_current_price_missing; recom,delete row if still blank on the 09-06 export (2-run rule)
Global_Markets,70,LC.US,DEAD_SYMBOL,"no price, no name, BLOCKED",DQ=34.7; quote_exchange_from_suffix; quote_currency_from_suffix; quote_current_price_missing; recom,delete row if still blank on the 09-06 export (2-run rule)
Global_Markets,71,AXL.US,DEAD_SYMBOL,"no price, no name, BLOCKED",DQ=34.7; quote_exchange_from_suffix; quote_currency_from_suffix; quote_current_price_missing; recom,delete row if still blank on the 09-06 export (2-run rule)
Global_Markets,72,SNV.US,DEAD_SYMBOL,"no price, no name, BLOCKED",DQ=34.7; quote_exchange_from_suffix; quote_currency_from_suffix; quote_current_price_missing; recom,delete row if still blank on the 09-06 export (2-run rule)
Global_Markets,73,SPR.US,DEAD_SYMBOL,"no price, no name, BLOCKED",DQ=34.7; quote_exchange_from_suffix; quote_currency_from_suffix; quote_current_price_missing; recom,delete row if still blank on the 09-06 export (2-run rule)
Global_Markets,74,SEMR.US,DEAD_SYMBOL,"no price, no name, BLOCKED",DQ=34.7; quote_exchange_from_suffix; quote_currency_from_suffix; quote_current_price_missing; recom,delete row if still blank on the 09-06 export (2-run rule)
Global_Markets,75,SEV.PA,DEAD_SYMBOL,"no price, no name, BLOCKED",DQ=0; quote_exchange_from_suffix; quote_currency_from_suffix; quote_current_price_missing; empty,delete row if still blank on the 09-06 export (2-run rule)
Global_Markets,76,TAG.DE,DEAD_SYMBOL,"no price, no name, BLOCKED",DQ=0; quote_exchange_from_suffix; quote_currency_from_suffix; quote_current_price_missing; empty,delete row if still blank on the 09-06 export (2-run rule)
Global_Markets,77,PDCO.US,DEAD_SYMBOL,"no price, no name, BLOCKED",DQ=0; quote_exchange_from_suffix; quote_currency_from_suffix; quote_current_price_missing; empty,delete row if still blank on the 09-06 export (2-run rule)
Global_Markets,78,KOZAL.IS,DEAD_SYMBOL,"no price, no name, BLOCKED",DQ=0; quote_current_price_missing; quote_exchange_missing; quote_currency_missing; empty_row_no_,delete row if still blank on the 09-06 export (2-run rule)
Global_Markets,79,ATST.L,DEAD_SYMBOL,"no price, no name, BLOCKED",DQ=0; quote_exchange_from_suffix; quote_currency_from_suffix; quote_current_price_missing; empty,delete row if still blank on the 09-06 export (2-run rule)
Global_Markets,80,4485.T,DEAD_SYMBOL,"no price, no name, BLOCKED",DQ=0; quote_exchange_from_suffix; quote_currency_from_suffix; quote_current_price_missing; empty,delete row if still blank on the 09-06 export (2-run rule)
Global_Markets,81,2899.T,DEAD_SYMBOL,"no price, no name, BLOCKED",DQ=0.00; quote_exchange_from_suffix; quote_currency_from_suffix; quote_current_price_missing; empty,delete row if still blank on the 09-06 export (2-run rule)
Global_Markets,82,ENLC.US,DEAD_SYMBOL,"no price, no name, BLOCKED",DQ=0.00; quote_exchange_from_suffix; quote_currency_from_suffix; quote_current_price_missing; empty,delete row if still blank on the 09-06 export (2-run rule)
Global_Markets,83,NUVA.US,DEAD_SYMBOL,"no price, no name, BLOCKED",DQ=0.00; quote_exchange_from_suffix; quote_currency_from_suffix; quote_current_price_missing; empty,delete row if still blank on the 09-06 export (2-run rule)
Global_Markets,84,7732.T,DEAD_SYMBOL,"no price, no name, BLOCKED",DQ=0.00; quote_exchange_from_suffix; quote_currency_from_suffix; quote_current_price_missing; empty,delete row if still blank on the 09-06 export (2-run rule)
Global_Markets,85,STM.PA,DEAD_SYMBOL,"no price, no name, BLOCKED",DQ=0.00; quote_exchange_from_suffix; quote_currency_from_suffix; quote_current_price_missing; empty,delete row if still blank on the 09-06 export (2-run rule)
Global_Markets,86,BDEV.L,DEAD_SYMBOL,"no price, no name, BLOCKED",DQ=0.00; quote_exchange_from_suffix; quote_currency_from_suffix; quote_current_price_missing; empty,delete row if still blank on the 09-06 export (2-run rule)
Global_Markets,87,WTAN.L,DEAD_SYMBOL,"no price, no name, BLOCKED",DQ=0.00; quote_exchange_from_suffix; quote_currency_from_suffix; quote_current_price_missing; empty,delete row if still blank on the 09-06 export (2-run rule)
Global_Markets,88,SEM.US,DEAD_SYMBOL,"no price, no name, BLOCKED",DQ=34.70; quote_exchange_from_suffix; quote_currency_from_suffix; quote_current_price_missing; recom,delete row if still blank on the 09-06 export (2-run rule)
Global_Markets,89,BLD.US,DEAD_SYMBOL,"no price, no name, BLOCKED",DQ=34.70; quote_exchange_from_suffix; quote_currency_from_suffix; quote_current_price_missing; recom,delete row if still blank on the 09-06 export (2-run rule)
Global_Markets,91,7205.T,DEAD_SYMBOL,"no price, no name, BLOCKED",DQ=0.00; quote_exchange_from_suffix; quote_currency_from_suffix; quote_current_price_missing; empty,delete row if still blank on the 09-06 export (2-run rule)
Global_Markets,92,TRTN.US,DEAD_SYMBOL,"no price, no name, BLOCKED",DQ=0.00; quote_exchange_from_suffix; quote_currency_from_suffix; quote_current_price_missing; empty,delete row if still blank on the 09-06 export (2-run rule)
Global_Markets,93,6641.T,DEAD_SYMBOL,"no price, no name, BLOCKED",DQ=0.00; quote_exchange_from_suffix; quote_currency_from_suffix; quote_current_price_missing; empty,delete row if still blank on the 09-06 export (2-run rule)
Global_Markets,94,HL.L,DEAD_SYMBOL,"no price, no name, BLOCKED",DQ=0.00; quote_exchange_from_suffix; quote_currency_from_suffix; quote_current_price_missing; empty,delete row if still blank on the 09-06 export (2-run rule)
Global_Markets,95,VRTX2X.US,DEAD_SYMBOL,"no price, no name, BLOCKED",DQ=0.00; quote_exchange_from_suffix; quote_currency_from_suffix; quote_current_price_missing; empty,delete row if still blank on the 09-06 export (2-run rule)
Global_Markets,96,PE&OLES.MX,DEAD_SYMBOL,"no price, no name, BLOCKED",DQ=0; quote_exchange_from_suffix; quote_currency_from_suffix; quote_current_price_missing; empty,delete row if still blank on the 09-06 export (2-run rule)
Global_Markets,97,TOP.CO,DEAD_SYMBOL,"no price, no name, BLOCKED",DQ=0; quote_exchange_from_suffix; quote_currency_from_suffix; quote_current_price_missing; empty,delete row if still blank on the 09-06 export (2-run rule)
Global_Markets,98,AZPN.US,DEAD_SYMBOL,"no price, no name, BLOCKED",DQ=0; quote_exchange_from_suffix; quote_currency_from_suffix; quote_current_price_missing; empty,delete row if still blank on the 09-06 export (2-run rule)
Global_Markets,99,CEIX.US,DEAD_SYMBOL,"no price, no name, BLOCKED",DQ=0; quote_exchange_from_suffix; quote_currency_from_suffix; quote_current_price_missing; empty,delete row if still blank on the 09-06 export (2-run rule)
Global_Markets,100,GES.US,DEAD_SYMBOL,"no price, no name, BLOCKED",DQ=34.70; quote_exchange_from_suffix; quote_currency_from_suffix; quote_current_price_missing; recom,delete row if still blank on the 09-06 export (2-run rule)
Global_Markets,101,SILK.US,DEAD_SYMBOL,"no price, no name, BLOCKED",DQ=0.00; quote_exchange_from_suffix; quote_currency_from_suffix; quote_current_price_missing; empty,delete row if still blank on the 09-06 export (2-run rule)
Global_Markets,102,CSWI.US,DEAD_SYMBOL,"no price, no name, BLOCKED",DQ=0; quote_exchange_from_suffix; quote_currency_from_suffix; quote_current_price_missing; empty,delete row if still blank on the 09-06 export (2-run rule)
Global_Markets,103,TGI.US,DEAD_SYMBOL,"no price, no name, BLOCKED",DQ=0; quote_exchange_from_suffix; quote_currency_from_suffix; quote_current_price_missing; empty,delete row if still blank on the 09-06 export (2-run rule)
Global_Markets,104,GPS.US,DEAD_SYMBOL,"no price, no name, BLOCKED",DQ=0; quote_exchange_from_suffix; quote_currency_from_suffix; quote_current_price_missing; empty,delete row if still blank on the 09-06 export (2-run rule)
Global_Markets,105,SILV.US,DEAD_SYMBOL,"no price, no name, BLOCKED",DQ=0; quote_exchange_from_suffix; quote_currency_from_suffix; quote_current_price_missing; empty,delete row if still blank on the 09-06 export (2-run rule)
Global_Markets,106,SATS.US,DEAD_SYMBOL,"no price, no name, BLOCKED",DQ=34.70; quote_exchange_from_suffix; quote_currency_from_suffix; quote_current_price_missing; recom,delete row if still blank on the 09-06 export (2-run rule)
Global_Markets,107,KOZAA.IS,DEAD_SYMBOL,"no price, no name, BLOCKED",DQ=0; quote_current_price_missing; quote_exchange_missing; quote_currency_missing; empty_row_no_,delete row if still blank on the 09-06 export (2-run rule)
Global_Markets,108,SMDS.L,DEAD_SYMBOL,"no price, no name, BLOCKED",DQ=0; quote_exchange_from_suffix; quote_currency_from_suffix; quote_current_price_missing; empty,delete row if still blank on the 09-06 export (2-run rule)
Global_Markets,109,6755.T,DEAD_SYMBOL,"no price, no name, BLOCKED",DQ=0.00; quote_exchange_from_suffix; quote_currency_from_suffix; quote_current_price_missing; empty,delete row if still blank on the 09-06 export (2-run rule)
Global_Markets,110,BSIG.US,DEAD_SYMBOL,"no price, no name, BLOCKED",DQ=0; quote_exchange_from_suffix; quote_currency_from_suffix; quote_current_price_missing; empty,delete row if still blank on the 09-06 export (2-run rule)
Global_Markets,111,ZI.US,DEAD_SYMBOL,"no price, no name, BLOCKED",DQ=0; quote_exchange_from_suffix; quote_currency_from_suffix; quote_current_price_missing; empty,delete row if still blank on the 09-06 export (2-run rule)
Global_Markets,112,IPL.AX,DEAD_SYMBOL,"no price, no name, BLOCKED",DQ=0; quote_exchange_from_suffix; quote_currency_from_suffix; quote_current_price_missing; empty,delete row if still blank on the 09-06 export (2-run rule)
Global_Markets,113,BBGI.L,DEAD_SYMBOL,"no price, no name, BLOCKED",DQ=0; quote_exchange_from_suffix; quote_currency_from_suffix; quote_current_price_missing; empty,delete row if still blank on the 09-06 export (2-run rule)
Global_Markets,114,9062.T,DEAD_SYMBOL,"no price, no name, BLOCKED",DQ=0; quote_exchange_from_suffix; quote_currency_from_suffix; quote_current_price_missing; empty,delete row if still blank on the 09-06 export (2-run rule)
Global_Markets,115,STM.MI,DEAD_SYMBOL,"no price, no name, BLOCKED",DQ=0; fetch_failed:HTTP 404 not_found; empty_row_no_provider_data; low_data_trust; analyst_trend,delete row if still blank on the 09-06 export (2-run rule)
Global_Markets,1012,YUM,BARE_TWIN,duplicate of YUM.US (bare row takes the degraded path),P-63/P-52,delete the bare row; keep the .US row
Global_Markets,4345,FCX,BARE_TWIN,duplicate of FCX.US (bare row takes the degraded path),P-63/P-52,delete the bare row; keep the .US row
Global_Markets,6011,OTIS,BARE_TWIN,duplicate of OTIS.US (bare row takes the degraded path),P-63/P-52,delete the bare row; keep the .US row
Global_Markets,118,WSR.US,STALE_1D,last updated 09-04 (preserved),quote_exchange_from_suffix; quote_currency_from_suffix; quote_current_price_missing; price,monitor; delete if stale 3 runs
Global_Markets,119,EEX.US,STALE_1D,last updated 09-04 (preserved),quote_exchange_from_suffix; quote_currency_from_suffix; quote_current_price_missing; price,monitor; delete if stale 3 runs
Global_Markets,120,INHD.US,STALE_1D,last updated 09-04 (preserved),quote_exchange_from_suffix; quote_currency_from_suffix; quote_current_price_missing; sanit,monitor; delete if stale 3 runs
Global_Markets,121,Z74.SI,STALE_1D,last updated 09-04 (preserved),quote_current_price_missing; quote_exchange_missing; quote_currency_missing; price_unverif,monitor; delete if stale 3 runs
Global_Markets,122,GARAN.IS,STALE_1D,last updated 09-04 (preserved),quote_current_price_missing; quote_exchange_missing; quote_currency_missing; price_unverif,monitor; delete if stale 3 runs
Global_Markets,123,SON.LS,STALE_1D,last updated 09-04 (preserved),quote_exchange_from_suffix; quote_currency_from_suffix; quote_current_price_missing; intri,monitor; delete if stale 3 runs
Global_Markets,124,8725.T,STALE_1D,last updated 09-04 (preserved),quote_exchange_from_suffix; quote_currency_from_suffix; quote_current_price_missing; intri,monitor; delete if stale 3 runs
Global_Markets,126,2531.T,STALE_1D,last updated 09-04 (preserved),quote_exchange_from_suffix; quote_currency_from_suffix; quote_current_price_missing; price,monitor; delete if stale 3 runs
Global_Markets,4655,FTFT.US,STALE_1D,last updated 09-04 (preserved),identity_quarantined:kept_last_good:v6.25.1,monitor; delete if stale 3 runs
Commodities_FX,17,SHIB-USD,UNPRICED,no provider price (EODHD lacks it),quote_current_price_missing; quote_exchange_missing; quote_currency_missing; yahoo_enrichm,"delete, or replace with a priced alias if one exists"
Commodities_FX,18,UNI-USD,UNPRICED,no provider price (EODHD lacks it),quote_current_price_missing; quote_exchange_missing; quote_currency_missing; yahoo_enrichm,"delete, or replace with a priced alias if one exists"
Commodities_FX,24,ARB-USD,UNPRICED,no provider price (EODHD lacks it),quote_current_price_missing; quote_exchange_missing; quote_currency_missing; yahoo_enrichm,"delete, or replace with a priced alias if one exists"
Commodities_FX,30,APT-USD,UNPRICED,no provider price (EODHD lacks it),quote_current_price_missing; quote_exchange_missing; quote_currency_missing; yahoo_enrichm,"delete, or replace with a priced alias if one exists"
Commodities_FX,50,COMP-USD,UNPRICED,no provider price (EODHD lacks it),quote_current_price_missing; quote_exchange_missing; quote_currency_missing; yahoo_enrichm,"delete, or replace with a priced alias if one exists"
Commodities_FX,52,IMX-USD,UNPRICED,no provider price (EODHD lacks it),quote_current_price_missing; quote_exchange_missing; quote_currency_missing; yahoo_enrichm,"delete, or replace with a priced alias if one exists"
Commodities_FX,62,STX-USD,UNPRICED,no provider price (EODHD lacks it),quote_current_price_missing; quote_exchange_missing; quote_currency_missing; yahoo_enrichm,"delete, or replace with a priced alias if one exists"
Commodities_FX,71,SUI-USD,UNPRICED,no provider price (EODHD lacks it),quote_current_price_missing; quote_exchange_missing; quote_currency_missing; yahoo_enrichm,"delete, or replace with a priced alias if one exists"
Commodities_FX,103,DX=F,UNPRICED,no provider price (EODHD lacks it),fetch_failed:HTTP 422; empty_row_no_provider_data; low_data_trust; analyst_trend_block_app,"delete, or replace with a priced alias if one exists"
Commodities_FX,112,BHDSAR=X,UNPRICED,no provider price (EODHD lacks it),quote_current_price_missing; quote_exchange_missing; quote_currency_missing; empty_row_no_,"delete, or replace with a priced alias if one exists"
Commodities_FX,118,BRLBHD=X,UNPRICED,no provider price (EODHD lacks it),quote_current_price_missing; quote_exchange_missing; quote_currency_missing; empty_row_no_,"delete, or replace with a priced alias if one exists"
Commodities_FX,134,AEDMXN=X,UNPRICED,no provider price (EODHD lacks it),quote_current_price_missing; quote_exchange_missing; quote_currency_missing; empty_row_no_,"delete, or replace with a priced alias if one exists"
Commodities_FX,136,XAUUSD=X,UNPRICED,no provider price (EODHD lacks it),quote_current_price_missing; quote_exchange_missing; quote_currency_missing; recommendatio,"delete, or replace with a priced alias if one exists"
Commodities_FX,212,AEDMYR=X,UNPRICED,no provider price (EODHD lacks it),quote_current_price_missing; quote_exchange_missing; quote_currency_missing; empty_row_no_,"delete, or replace with a priced alias if one exists"
Commodities_FX,239,AEDPHP=X,UNPRICED,no provider price (EODHD lacks it),quote_current_price_missing; quote_exchange_missing; quote_currency_missing; empty_row_no_,"delete, or replace with a priced alias if one exists"
Commodities_FX,283,AEDIDR=X,UNPRICED,no provider price (EODHD lacks it),quote_current_price_missing; quote_exchange_missing; quote_currency_missing; empty_row_no_,"delete, or replace with a priced alias if one exists"
Commodities_FX,293,BHDPLN=X,UNPRICED,no provider price (EODHD lacks it),quote_current_price_missing; quote_exchange_missing; quote_currency_missing; empty_row_no_,"delete, or replace with a priced alias if one exists"
Commodities_FX,339,JPYGBP=X,UNPRICED,no provider price (EODHD lacks it),quote_exchange_missing; quote_currency_missing; analyst_trend_block_applied; low_data_trus,"delete, or replace with a priced alias if one exists"
Commodities_FX,454,Copper Futures,SHIFTED_ROW,symbol cell holds the name; row shifted one column; stale since 08-13 (HTTP 422),fetch_failed:HTTP 422; intrinsic_soft_ceiling_applied; analyst_trend_block_applied; false_,replace the row with symbol HG=F
Mutual_Funds,751,MUAA.US,DEAD_SYMBOL,no price (fund matured/closed),quote_exchange_from_suffix; quote_currency_from_suffix; quote_current_price_missing; empty,delete row
